row,pair,rep,variant,kind,position,slot,phase,p95_ms,p50_ms,sum_ms
P2-lifecycle,0,0,V,control,0,1,construction,0.6360419999999749,0.45041649999996025,23.277211999999622
P2-lifecycle,0,0,V,control,0,1,initial,7.127499999999941,5.922708499999999,300.8427899999998
P2-lifecycle,0,0,V,control,0,1,duplicate,4.444165999999996,3.3127920000000017,174.21354300000002
P2-lifecycle,0,0,V,control,0,1,cleanup,0.18108299999994415,0.1268125000000282,6.497288999999853
P2-lifecycle,0,0,V,control,0,1,actionSum,11.286290999999892,10.006479999999954,504.8308339999993
P2-lifecycle,0,0,V,control,0,1,wall,11.375083000000018,10.080854499999987,508.73475099999973
P2-lifecycle,0,0,V,control,0,1,residual,0.09454100000004928,0.07900000000003615,3.9039170000004333
P2-lifecycle,0,0,V,control,1,0,construction,1.0650829999999587,0.4848745000000463,27.28933100000131
P2-lifecycle,0,0,V,control,1,0,initial,8.101208000000042,6.02822900000001,323.03487800000016
P2-lifecycle,0,0,V,control,1,0,duplicate,4.836874999999964,3.489646000000107,188.073621
P2-lifecycle,0,0,V,control,1,0,cleanup,0.1672910000002048,0.1455625000000964,7.277245999999877
P2-lifecycle,0,0,V,control,1,0,actionSum,12.420582999999851,10.979041500000108,545.6750760000014
P2-lifecycle,0,0,V,control,1,0,wall,12.647416999999905,11.053062000000068,550.5852470000007
P2-lifecycle,0,0,V,control,1,0,residual,0.11066700000014862,0.07008299999984047,4.910170999999309
P2-lifecycle,0,0,U,control,0,0,construction,0.5526670000000422,0.44247899999999163,22.879210000000114
P2-lifecycle,0,0,U,control,0,0,initial,6.811042000000043,5.83947900000004,297.3547110000003
P2-lifecycle,0,0,U,control,0,0,duplicate,3.974124999999958,3.351103999999964,170.95716399999935
P2-lifecycle,0,0,U,control,0,0,cleanup,0.17333399999995436,0.12558350000006158,6.588088999999911
P2-lifecycle,0,0,U,control,0,0,actionSum,10.728709000000094,9.944188499999996,497.77917399999967
P2-lifecycle,0,0,U,control,0,0,wall,10.795957999999928,10.007646000000022,501.60592000000014
P2-lifecycle,0,0,U,control,0,0,residual,0.09941600000001927,0.0666039999999839,3.826746000000469
P2-lifecycle,0,0,U,control,1,1,construction,0.6101249999999254,0.46070799999995415,23.960329999999885
P2-lifecycle,0,0,U,control,1,1,initial,7.80904200000009,5.723604000000023,298.901872999998
P2-lifecycle,0,0,U,control,1,1,duplicate,4.121417000000065,3.3673334999999724,173.0009609999995
P2-lifecycle,0,0,U,control,1,1,cleanup,0.18566699999996672,0.13102149999997437,6.674794000001157
P2-lifecycle,0,0,U,control,1,1,actionSum,13.146332000000257,9.7336039999999,502.5379579999985
P2-lifecycle,0,0,U,control,1,1,wall,13.222541000000092,9.810854500000005,505.78791600000113
P2-lifecycle,0,0,U,control,1,1,residual,0.08487500000001091,0.06481350000012753,3.249958000002607
P2-lifecycle,0,1,V,control,0,1,construction,0.5629999999999882,0.4610420000000204,23.67700399999984
P2-lifecycle,0,1,V,control,0,1,initial,7.518041000000039,5.920000499999958,306.97454900000014
P2-lifecycle,0,1,V,control,0,1,duplicate,4.72504200000003,3.4661250000000337,182.05983099999963
P2-lifecycle,0,1,V,control,0,1,cleanup,0.17766600000004473,0.13050000000004047,6.832254000000205
P2-lifecycle,0,1,V,control,0,1,actionSum,12.310791999999992,10.169500999999912,519.5436379999999
P2-lifecycle,0,1,V,control,0,1,wall,12.381582999999978,10.236062499999946,523.4243749999999
P2-lifecycle,0,1,V,control,0,1,residual,0.11249899999995705,0.06752050000002896,3.8807370000001242
P2-lifecycle,0,1,V,control,1,0,construction,0.5679999999999836,0.4591459999999188,23.50554500000112
P2-lifecycle,0,1,V,control,1,0,initial,7.6304170000000795,6.007041500000014,308.6865389999987
P2-lifecycle,0,1,V,control,1,0,duplicate,4.753875000000107,3.367375000000038,178.20841399999927
P2-lifecycle,0,1,V,control,1,0,cleanup,0.1691249999998945,0.1404579999999669,7.069496999999728
P2-lifecycle,0,1,V,control,1,0,actionSum,12.81462600000009,9.979521000000204,517.4699949999988
P2-lifecycle,0,1,V,control,1,0,wall,12.895792000000029,10.086542000000009,521.0825870000003
P2-lifecycle,0,1,V,control,1,0,residual,0.09987500000011096,0.06822999999997137,3.6125920000015412
P2-lifecycle,0,1,U,control,0,0,construction,0.8319159999999783,0.478770499999996,26.003246000000217
P2-lifecycle,0,1,U,control,0,0,initial,7.440917000000013,6.100374999999872,317.38716599999987
P2-lifecycle,0,1,U,control,0,0,duplicate,5.651499999999942,3.440645499999988,192.4890819999997
P2-lifecycle,0,1,U,control,0,0,cleanup,0.2237079999999878,0.14114600000004884,7.443004000000258
P2-lifecycle,0,1,U,control,0,0,actionSum,12.10620799999981,10.78110450000014,543.322498
P2-lifecycle,0,1,U,control,0,0,wall,12.189374999999927,10.870145500000035,547.4440400000005
P2-lifecycle,0,1,U,control,0,0,residual,0.10158199999989392,0.07474899999999707,4.1215420000004315
P2-lifecycle,0,1,U,control,1,1,construction,0.6354590000000826,0.4515835000000834,25.264124999999467
P2-lifecycle,0,1,U,control,1,1,initial,7.112249999999904,5.788603999999964,295.9289959999994
P2-lifecycle,0,1,U,control,1,1,duplicate,4.606667000000016,3.378791999999976,176.49217199999998
P2-lifecycle,0,1,U,control,1,1,cleanup,0.16458399999987705,0.13143750000006094,6.651622999999745
P2-lifecycle,0,1,U,control,1,1,actionSum,12.167540000000145,9.874457499999949,504.3369159999986
P2-lifecycle,0,1,U,control,1,1,wall,12.247875000000022,9.952166499999976,508.6298310000004
P2-lifecycle,0,1,U,control,1,1,residual,0.1119579999999587,0.08295850000001792,4.292915000001813
P2-lifecycle,1,0,U,main,0,0,construction,0.7237499999999955,0.45260350000000926,24.423164000000156
P2-lifecycle,1,0,U,main,0,0,initial,6.948416999999949,6.113375000000076,306.13795599999986
P2-lifecycle,1,0,U,main,0,0,duplicate,4.582708000000025,3.3795829999999683,178.999792
P2-lifecycle,1,0,U,main,0,0,cleanup,0.1726250000000391,0.136645499999986,7.48129000000057
P2-lifecycle,1,0,U,main,0,0,actionSum,11.680083000000081,10.268749999999955,517.0422020000005
P2-lifecycle,1,0,U,main,0,0,wall,11.755957999999964,10.336062000000027,520.7152890000001
P2-lifecycle,1,0,U,main,0,0,residual,0.09541700000011133,0.07239599999991242,3.673086999999498
P2-lifecycle,1,0,U,main,1,1,construction,0.5471669999999449,0.43556250000006,22.765960000000632
P2-lifecycle,1,0,U,main,1,1,initial,5.515874999999824,4.564791500000069,234.84474399999976
P2-lifecycle,1,0,U,main,1,1,duplicate,2.4844590000000153,1.867479000000003,97.70954300000062
P2-lifecycle,1,0,U,main,1,1,cleanup,0.14791700000000674,0.11770849999993516,6.017248000000336
P2-lifecycle,1,0,U,main,1,1,actionSum,8.939458000000059,7.126521000000025,361.33749500000135
P2-lifecycle,1,0,U,main,1,1,wall,9.001915999999937,7.182000000000016,364.3348350000001
P2-lifecycle,1,0,U,main,1,1,residual,0.07458400000018628,0.05910449999998946,2.9973399999987578
P2-lifecycle,1,0,V,main,0,1,construction,0.5895409999999401,0.4467709999999556,23.407205000000147
P2-lifecycle,1,0,V,main,0,1,initial,5.530124999999998,4.704187500000046,236.80504000000013
P2-lifecycle,1,0,V,main,0,1,duplicate,2.487166000000002,1.9374374999999873,100.93608400000011
P2-lifecycle,1,0,V,main,0,1,cleanup,0.18120799999996962,0.12212500000003956,6.78070600000018
P2-lifecycle,1,0,V,main,0,1,actionSum,8.273957000000053,7.290729999999968,367.92903500000057
P2-lifecycle,1,0,V,main,0,1,wall,8.342666000000008,7.364937499999996,371.09895300000034
P2-lifecycle,1,0,V,main,0,1,residual,0.08362599999986742,0.0603964999999107,3.169917999999768
P2-lifecycle,1,0,V,main,1,0,construction,0.5463330000000042,0.4479994999999235,22.84541899999931
P2-lifecycle,1,0,V,main,1,0,initial,7.218583000000081,6.0287914999998975,309.385041
P2-lifecycle,1,0,V,main,1,0,duplicate,4.097042000000101,3.437520999999947,177.2554970000001
P2-lifecycle,1,0,V,main,1,0,cleanup,0.1879999999998745,0.1320415000000139,6.888083999999935
P2-lifecycle,1,0,V,main,1,0,actionSum,11.643415999999888,10.299103500000001,516.3740409999994
P2-lifecycle,1,0,V,main,1,0,wall,11.734541000000036,10.3699795,520.0158770000005
P2-lifecycle,1,0,V,main,1,0,residual,0.09112500000014734,0.07231200000023819,3.641836000001149
P2-lifecycle,1,1,U,main,0,0,construction,0.5536250000000109,0.4506669999999531,23.251209000000244
P2-lifecycle,1,1,U,main,0,0,initial,6.9721250000000055,5.793624999999963,294.95383499999997
P2-lifecycle,1,1,U,main,0,0,duplicate,4.152709000000016,3.322812499999941,171.09570899999972
P2-lifecycle,1,1,U,main,0,0,cleanup,0.15445899999997437,0.13052050000004556,6.571917000000212
P2-lifecycle,1,1,U,main,0,0,actionSum,11.57183299999997,9.733207999999934,495.87267000000014
P2-lifecycle,1,1,U,main,0,0,wall,11.692291000000068,9.793311999999958,499.5372080000003
P2-lifecycle,1,1,U,main,0,0,residual,0.09445799999991777,0.06354099999992968,3.6645380000001637
P2-lifecycle,1,1,U,main,1,1,construction,0.5640840000000935,0.43066650000014306,22.089458999999806
P2-lifecycle,1,1,U,main,1,1,initial,5.532124999999951,4.3605834999999615,228.55466299999966
P2-lifecycle,1,1,U,main,1,1,duplicate,2.4791669999999613,1.8166459999999915,95.4974139999988
P2-lifecycle,1,1,U,main,1,1,cleanup,0.15058300000009694,0.11529150000001209,5.914415000000645
P2-lifecycle,1,1,U,main,1,1,actionSum,8.166042999999718,6.747458499999766,352.0559509999989
P2-lifecycle,1,1,U,main,1,1,wall,8.236916999999949,6.801353999999947,354.79375199999913
P2-lifecycle,1,1,U,main,1,1,residual,0.07087400000023081,0.05477150000012898,2.7378010000002178
P2-lifecycle,1,1,V,main,0,1,construction,0.5570830000000342,0.44599999999996953,23.236706000000595
P2-lifecycle,1,1,V,main,0,1,initial,5.62925000000007,4.714687499999997,239.33133300000054
P2-lifecycle,1,1,V,main,0,1,duplicate,2.434958999999992,1.9166874999999663,99.8407519999999
P2-lifecycle,1,1,V,main,0,1,cleanup,0.1507090000000062,0.12074999999998681,6.125584999999887
P2-lifecycle,1,1,V,main,0,1,actionSum,8.513832999999977,7.272999500000083,368.5343760000009
P2-lifecycle,1,1,V,main,0,1,wall,8.577875000000063,7.337957999999958,371.68929199999997
P2-lifecycle,1,1,V,main,0,1,residual,0.0969159999999647,0.06193749999999909,3.154915999999048
P2-lifecycle,1,1,V,main,1,0,construction,0.5502500000000055,0.46372949999999946,23.46350200000097
P2-lifecycle,1,1,V,main,1,0,initial,7.049208999999792,6.095354000000043,304.90603799999985
P2-lifecycle,1,1,V,main,1,0,duplicate,4.197709000000032,3.3179999999999836,171.27491799999916
P2-lifecycle,1,1,V,main,1,0,cleanup,0.1878750000000764,0.13337499999988722,6.888668000000507
P2-lifecycle,1,1,V,main,1,0,actionSum,11.887707999999975,10.070562500000165,506.5331260000005
P2-lifecycle,1,1,V,main,1,0,wall,11.951790999999957,10.14750000000015,510.0395460000004
P2-lifecycle,1,1,V,main,1,0,residual,0.10166599999979553,0.06554150000022219,3.5064199999999346
P2-lifecycle,2,0,U,main,0,0,construction,0.5334589999999935,0.4453330000000051,22.675249000000292
P2-lifecycle,2,0,U,main,0,0,initial,6.563457999999969,5.740812500000004,291.25225499999976
P2-lifecycle,2,0,U,main,0,0,duplicate,3.8557080000000497,3.341729000000015,168.24337099999997
P2-lifecycle,2,0,U,main,0,0,cleanup,0.16208400000004985,0.13097899999996798,6.676582999999823
P2-lifecycle,2,0,U,main,0,0,actionSum,11.213248999999792,9.659145499999909,488.84745799999985
P2-lifecycle,2,0,U,main,0,0,wall,11.278082999999924,9.747020499999962,491.9907870000002
P2-lifecycle,2,0,U,main,0,0,residual,0.08491600000002109,0.06273000000004458,3.1433290000003353
P2-lifecycle,2,0,U,main,1,1,construction,0.5755420000000413,0.447208000000046,23.0502110000009
P2-lifecycle,2,0,U,main,1,1,initial,5.6519170000001395,4.507542000000058,235.63783600000124
P2-lifecycle,2,0,U,main,1,1,duplicate,2.7604160000000775,1.8853750000000673,99.83129099999974
P2-lifecycle,2,0,U,main,1,1,cleanup,0.15312500000004547,0.12191649999999754,6.227082000000337
P2-lifecycle,2,0,U,main,1,1,actionSum,8.819793000000118,7.121020999999928,364.7464200000022
P2-lifecycle,2,0,U,main,1,1,wall,8.876874999999927,7.184103999999934,367.74745800000096
P2-lifecycle,2,0,U,main,1,1,residual,0.07808399999976245,0.05793800000003557,3.0010379999987435
P2-lifecycle,2,0,V,main,0,1,construction,0.6427499999999782,0.4377709999999979,23.65191999999962
P2-lifecycle,2,0,V,main,0,1,initial,5.643583999999919,4.635562499999992,236.44033399999967
P2-lifecycle,2,0,V,main,0,1,duplicate,2.764542000000006,1.9559169999999995,101.19812100000013
P2-lifecycle,2,0,V,main,0,1,cleanup,0.18183299999998326,0.12108349999999746,6.727336999999579
P2-lifecycle,2,0,V,main,0,1,actionSum,8.393540999999914,7.298895500000015,368.017711999999
P2-lifecycle,2,0,V,main,0,1,wall,8.466208000000051,7.371187500000019,371.8644649999995
P2-lifecycle,2,0,V,main,0,1,residual,0.09408300000006875,0.07400049999995417,3.84675300000049
P2-lifecycle,2,0,V,main,1,0,construction,0.5045419999999012,0.4209579999999278,21.30291799999884
P2-lifecycle,2,0,V,main,1,0,initial,7.353749999999991,5.689979500000163,296.30891800000086
P2-lifecycle,2,0,V,main,1,0,duplicate,4.037166999999954,3.3553539999999202,171.54919999999993
P2-lifecycle,2,0,V,main,1,0,cleanup,0.1504170000000613,0.12062500000013188,6.100625000000264
P2-lifecycle,2,0,V,main,1,0,actionSum,11.734125999999833,9.736416500000018,495.2616609999999
P2-lifecycle,2,0,V,main,1,0,wall,11.794791999999916,9.811916499999938,498.72287600000004
P2-lifecycle,2,0,V,main,1,0,residual,0.09149999999976899,0.06589549999989686,3.461215000000152
P2-lifecycle,2,1,U,main,0,0,construction,0.8120000000000118,0.46337549999998373,24.50617000000011
P2-lifecycle,2,1,U,main,0,0,initial,6.992582999999968,5.888541500000031,298.3368739999996
P2-lifecycle,2,1,U,main,0,0,duplicate,4.15625,3.349646000000007,172.60325100000023
P2-lifecycle,2,1,U,main,0,0,cleanup,0.2628750000000082,0.1322499999999991,8.539835999999525
P2-lifecycle,2,1,U,main,0,0,actionSum,11.277332999999942,9.95558449999993,503.9861309999995
P2-lifecycle,2,1,U,main,0,0,wall,11.340791999999965,10.042125499999997,507.4928329999997
P2-lifecycle,2,1,U,main,0,0,residual,0.08870800000011059,0.06877099999988445,3.506702000000189
P2-lifecycle,2,1,U,main,1,1,construction,0.4888339999999971,0.4122710000000325,21.00616800000057
P2-lifecycle,2,1,U,main,1,1,initial,5.272666999999956,4.518479500000012,231.7347960000002
P2-lifecycle,2,1,U,main,1,1,duplicate,2.3506669999999303,1.911958000000027,97.77562399999965
P2-lifecycle,2,1,U,main,1,1,cleanup,0.1395829999999023,0.11239599999998973,5.687164999999823
P2-lifecycle,2,1,U,main,1,1,actionSum,8.012832999999773,7.014562000000069,356.20375300000023
P2-lifecycle,2,1,U,main,1,1,wall,8.069708999999875,7.108416499999976,359.6097510000002
P2-lifecycle,2,1,U,main,1,1,residual,0.10979100000008657,0.05618749999985084,3.405997999999954
P2-lifecycle,2,1,V,main,0,1,construction,0.5747499999999945,0.42756199999999467,22.745415999999977
P2-lifecycle,2,1,V,main,0,1,initial,5.328540999999973,4.617186999999973,234.0552919999999
P2-lifecycle,2,1,V,main,0,1,duplicate,2.526124999999979,1.9110000000000014,100.23350100000033
P2-lifecycle,2,1,V,main,0,1,cleanup,0.15962500000000546,0.1208124999999427,6.132878000000346
P2-lifecycle,2,1,V,main,0,1,actionSum,8.10566700000004,7.246770500000082,363.16708700000055
P2-lifecycle,2,1,V,main,0,1,wall,8.20025000000004,7.303020500000002,366.20091800000006
P2-lifecycle,2,1,V,main,0,1,residual,0.09458300000000008,0.058771000000035656,3.033830999999509
P2-lifecycle,2,1,V,main,1,0,construction,0.5086250000001655,0.42116649999991296,21.168751999999927
P2-lifecycle,2,1,V,main,1,0,initial,7.005374999999958,5.788771000000111,295.8560420000001
P2-lifecycle,2,1,V,main,1,0,duplicate,4.080166999999847,3.3212705000000824,170.17166199999974
P2-lifecycle,2,1,V,main,1,0,cleanup,0.1492080000000442,0.12131199999998898,6.140040000000681
P2-lifecycle,2,1,V,main,1,0,actionSum,11.470666000000165,9.714959000000022,493.33649600000047
P2-lifecycle,2,1,V,main,1,0,wall,11.539582999999993,9.789520999999922,496.71895900000004
P2-lifecycle,2,1,V,main,1,0,residual,0.08670799999981682,0.06499949999977161,3.382462999999575
P2-lifecycle,3,0,V,main,0,1,construction,0.5591249999999945,0.43524999999999636,22.317125000000033
P2-lifecycle,3,0,V,main,0,1,initial,5.359000000000037,4.628437500000018,233.42441899999972
P2-lifecycle,3,0,V,main,0,1,duplicate,2.4758330000000797,1.9396669999999858,99.31820599999992
P2-lifecycle,3,0,V,main,0,1,cleanup,0.1815839999999298,0.1188749999999743,6.290295000000299
P2-lifecycle,3,0,V,main,0,1,actionSum,8.224625999999944,7.185063000000042,361.35004499999997
P2-lifecycle,3,0,V,main,0,1,wall,8.298667000000023,7.243812999999989,364.335751
P2-lifecycle,3,0,V,main,0,1,residual,0.07862499999998818,0.05804200000000037,2.98570600000005
P2-lifecycle,3,0,V,main,1,0,construction,0.5492089999997916,0.4500630000000001,22.975088999999002
P2-lifecycle,3,0,V,main,1,0,initial,6.9541659999999865,5.877104500000087,296.20558300000005
P2-lifecycle,3,0,V,main,1,0,duplicate,4.062082999999802,3.196395999999936,166.7766249999986
P2-lifecycle,3,0,V,main,1,0,cleanup,0.17849999999998545,0.127958499999977,6.735546000000795
P2-lifecycle,3,0,V,main,1,0,actionSum,11.604457999999795,9.732021499999973,492.69284299999845
P2-lifecycle,3,0,V,main,1,0,wall,11.670666999999867,9.807917000000089,495.98258800000053
P2-lifecycle,3,0,V,main,1,0,residual,0.09204099999988102,0.06358299999999417,3.2897450000020854
P2-lifecycle,3,0,U,main,0,0,construction,0.5669579999999996,0.45556199999998626,23.259419999999807
P2-lifecycle,3,0,U,main,0,0,initial,6.760291999999936,5.745770999999991,291.74962199999953
P2-lifecycle,3,0,U,main,0,0,duplicate,3.9659169999999904,3.2423544999999763,168.73600300000015
P2-lifecycle,3,0,U,main,0,0,cleanup,0.1597910000000411,0.1279165000000262,6.560373000000197
P2-lifecycle,3,0,U,main,0,0,actionSum,11.03429200000005,9.676124499999958,490.3054179999997
P2-lifecycle,3,0,U,main,0,0,wall,11.091999999999985,9.752625000000023,493.6240420000002
P2-lifecycle,3,0,U,main,0,0,residual,0.08566599999994651,0.06329149999999117,3.3186240000005114
P2-lifecycle,3,0,U,main,1,1,construction,0.6036669999998594,0.4460624999999254,23.432543999999552
P2-lifecycle,3,0,U,main,1,1,initial,5.608208999999988,4.497375000000034,233.49292000000014
P2-lifecycle,3,0,U,main,1,1,duplicate,2.6333750000001146,1.9444369999998798,101.82720299999983
P2-lifecycle,3,0,U,main,1,1,cleanup,0.1980829999999969,0.12152100000002974,6.312998999999309
P2-lifecycle,3,0,U,main,1,1,actionSum,8.698209000000134,7.043854500000066,365.0656659999988
P2-lifecycle,3,0,U,main,1,1,wall,8.77208399999995,7.099145999999905,368.2046680000003
P2-lifecycle,3,0,U,main,1,1,residual,0.10529099999985192,0.05950000000007094,3.139002000001483
P2-lifecycle,3,1,V,main,0,1,construction,0.5167500000000018,0.45029149999999163,22.85037800000009
P2-lifecycle,3,1,V,main,0,1,initial,5.2913339999998925,4.586458499999992,231.38024799999982
P2-lifecycle,3,1,V,main,0,1,duplicate,2.5297499999999786,1.9213124999999707,99.41712299999955
P2-lifecycle,3,1,V,main,0,1,cleanup,0.22175000000004275,0.12116649999998685,6.667206000000078
P2-lifecycle,3,1,V,main,0,1,actionSum,8.06820700000003,7.125125500000053,360.31495499999954
P2-lifecycle,3,1,V,main,0,1,wall,8.152207999999973,7.184625000000068,363.3765410000004
P2-lifecycle,3,1,V,main,0,1,residual,0.0926680000000033,0.057749999999998636,3.0615860000008297
P2-lifecycle,3,1,V,main,1,0,construction,0.4883750000001328,0.40881199999989803,20.762831999999662
P2-lifecycle,3,1,V,main,1,0,initial,6.110665999999924,5.727229500000021,286.1632500000002
P2-lifecycle,3,1,V,main,1,0,duplicate,3.8189159999999447,3.2421454999998787,166.3731229999994
P2-lifecycle,3,1,V,main,1,0,cleanup,0.1512920000000122,0.11562500000002274,5.913623000000712
P2-lifecycle,3,1,V,main,1,0,actionSum,10.475041000000147,9.556604500000049,479.21282799999994
P2-lifecycle,3,1,V,main,1,0,wall,10.554833000000144,9.623041499999886,482.54433200000005
P2-lifecycle,3,1,V,main,1,0,residual,0.07745900000008987,0.06691549999982271,3.331504000000109
P2-lifecycle,3,1,U,main,0,0,construction,0.6309580000000778,0.45058349999999336,23.902830000000108
P2-lifecycle,3,1,U,main,0,0,initial,6.807000000000016,5.8287919999999644,293.9436279999997
P2-lifecycle,3,1,U,main,0,0,duplicate,3.935457999999983,3.257208500000047,169.25121000000019
P2-lifecycle,3,1,U,main,0,0,cleanup,0.17741699999999128,0.12364550000000918,6.750082000000361
P2-lifecycle,3,1,U,main,0,0,actionSum,11.32128999999992,9.721374500000081,493.84775000000036
P2-lifecycle,3,1,U,main,0,0,wall,11.394915999999967,9.785187500000063,497.09395600000045
P2-lifecycle,3,1,U,main,0,0,residual,0.07875100000001112,0.06535499999989725,3.246206000000086
P2-lifecycle,3,1,U,main,1,1,construction,0.6570830000000569,0.41545849999999973,22.320168000000194
P2-lifecycle,3,1,U,main,1,1,initial,5.608208000000104,4.604229500000088,234.79908200000114
P2-lifecycle,3,1,U,main,1,1,duplicate,2.405958000000055,1.946083499999986,100.00833199999988
P2-lifecycle,3,1,U,main,1,1,cleanup,0.1386250000000473,0.11035400000002937,5.636707000000342
P2-lifecycle,3,1,U,main,1,1,actionSum,8.258666000000403,7.108958000000143,362.76428900000155
P2-lifecycle,3,1,U,main,1,1,wall,8.311208000000079,7.167354000000046,365.8143299999999
P2-lifecycle,3,1,U,main,1,1,residual,0.08179099999983919,0.05856299999982184,3.050040999998373
P2-lifecycle,4,0,V,main,0,1,construction,0.6101670000000468,0.45658400000002075,23.733166000000153
P2-lifecycle,4,0,V,main,0,1,initial,5.415500000000009,4.719645999999955,238.94783199999995
P2-lifecycle,4,0,V,main,0,1,duplicate,2.5380830000000287,1.9806460000000357,101.87112600000012
P2-lifecycle,4,0,V,main,0,1,cleanup,0.1871249999999236,0.12112500000000637,6.9063769999996225
P2-lifecycle,4,0,V,main,0,1,actionSum,8.434457999999836,7.454958499999975,371.45850099999984
P2-lifecycle,4,0,V,main,0,1,wall,8.49454099999997,7.508166999999986,374.7063769999999
P2-lifecycle,4,0,V,main,0,1,residual,0.10370800000009694,0.061646500000051674,3.247876000000076
P2-lifecycle,4,0,V,main,1,0,construction,0.4671249999998963,0.41524999999990087,20.580250000000433
P2-lifecycle,4,0,V,main,1,0,initial,6.371584000000212,5.710687499999949,288.0700379999987
P2-lifecycle,4,0,V,main,1,0,duplicate,4.002124999999978,3.2044789999998784,168.58133400000065
P2-lifecycle,4,0,V,main,1,0,cleanup,0.16008400000009715,0.11643749999996089,5.992709999999988
P2-lifecycle,4,0,V,main,1,0,actionSum,10.96695899999986,9.528229000000124,483.2243319999998
P2-lifecycle,4,0,V,main,1,0,wall,11.0318749999999,9.588562499999966,486.5470810000003
P2-lifecycle,4,0,V,main,1,0,residual,0.09725000000003092,0.06295750000003864,3.322749000000499
P2-lifecycle,4,0,U,main,0,0,construction,0.5477910000000747,0.4494999999999436,23.54458600000015
P2-lifecycle,4,0,U,main,0,0,initial,6.8539579999999205,5.904854,296.32470799999976
P2-lifecycle,4,0,U,main,0,0,duplicate,3.985916999999972,3.335937499999943,171.56295299999994
P2-lifecycle,4,0,U,main,0,0,cleanup,0.16200000000003456,0.1285205000000076,6.664709000000357
P2-lifecycle,4,0,U,main,0,0,actionSum,11.160624999999982,9.892229500000042,498.0969560000002
P2-lifecycle,4,0,U,main,0,0,wall,11.231959000000074,9.957063000000005,501.2827110000004
P2-lifecycle,4,0,U,main,0,0,residual,0.07979300000005196,0.06210399999997662,3.1857550000001993
P2-lifecycle,4,0,U,main,1,1,construction,0.5380830000001424,0.4430419999999913,22.413626000001386
P2-lifecycle,4,0,U,main,1,1,initial,5.529458999999861,4.572936999999911,233.3754999999992
P2-lifecycle,4,0,U,main,1,1,duplicate,2.6505409999999756,1.852207999999905,97.10854099999938
P2-lifecycle,4,0,U,main,1,1,cleanup,0.16179200000010496,0.11616649999996298,6.050795000001017
P2-lifecycle,4,0,U,main,1,1,actionSum,8.497000999999955,7.028937499999984,358.948462000001
P2-lifecycle,4,0,U,main,1,1,wall,8.59070900000006,7.089437500000031,361.7656680000007
P2-lifecycle,4,0,U,main,1,1,residual,0.07504100000005565,0.05581249999988813,2.8172059999997145
P2-lifecycle,4,1,V,main,0,1,construction,0.5840420000000677,0.4488955000000203,23.131663999999944
P2-lifecycle,4,1,V,main,0,1,initial,5.467624999999998,4.690646000000015,236.89020700000037
P2-lifecycle,4,1,V,main,0,1,duplicate,2.4070409999999356,1.9602084999999647,101.47074799999962
P2-lifecycle,4,1,V,main,0,1,cleanup,0.15450000000009823,0.11935400000004392,6.2041670000001545
P2-lifecycle,4,1,V,main,0,1,actionSum,8.18937399999993,7.330519999999979,367.6967860000001
P2-lifecycle,4,1,V,main,0,1,wall,8.249666000000047,7.405374499999965,370.883747
P2-lifecycle,4,1,V,main,0,1,residual,0.09370899999993298,0.06174999999996089,3.1869609999999398
P2-lifecycle,4,1,V,main,1,0,construction,0.6516670000000886,0.4567504999998846,23.91708700000038
P2-lifecycle,4,1,V,main,1,0,initial,6.639124999999922,5.726916500000016,291.8147060000002
P2-lifecycle,4,1,V,main,1,0,duplicate,3.9455840000000535,3.318958500000008,171.58462900000063
P2-lifecycle,4,1,V,main,1,0,cleanup,0.15999999999985448,0.13047899999992296,6.568005000000539
P2-lifecycle,4,1,V,main,1,0,actionSum,11.368792999999869,9.79091649999998,493.8844270000018
P2-lifecycle,4,1,V,main,1,0,wall,11.441417000000001,9.857853999999975,497.1883380000006
P2-lifecycle,4,1,V,main,1,0,residual,0.09291700000017045,0.06460400000025857,3.303910999998834
P2-lifecycle,4,1,U,main,0,0,construction,0.5954160000000002,0.453042000000039,23.392787000000226
P2-lifecycle,4,1,U,main,0,0,initial,6.42087499999991,5.814395499999989,290.7133359999999
P2-lifecycle,4,1,U,main,0,0,duplicate,3.8105419999999413,3.2979375000000175,169.83912799999945
P2-lifecycle,4,1,U,main,0,0,cleanup,0.1619590000000244,0.1287085000000161,6.607461000000569
P2-lifecycle,4,1,U,main,0,0,actionSum,11.076375999999982,9.776665999999977,490.55271200000016
P2-lifecycle,4,1,U,main,0,0,wall,11.141209000000003,9.845020499999976,493.9392070000002
P2-lifecycle,4,1,U,main,0,0,residual,0.08112499999992906,0.06583299999999781,3.386495000000025
P2-lifecycle,4,1,U,main,1,1,construction,0.5569590000000062,0.43095849999997426,22.346997000000556
P2-lifecycle,4,1,U,main,1,1,initial,5.901000000000067,4.493708000000083,236.055748
P2-lifecycle,4,1,U,main,1,1,duplicate,2.540124999999989,1.888979000000063,98.74275100000068
P2-lifecycle,4,1,U,main,1,1,cleanup,0.18325000000004366,0.11874950000003537,6.8162879999997585
P2-lifecycle,4,1,U,main,1,1,actionSum,9.20624900000007,7.049666500000058,363.961784000001
P2-lifecycle,4,1,U,main,1,1,wall,9.274415999999974,7.107833500000083,367.0437450000002
P2-lifecycle,4,1,U,main,1,1,residual,0.09549900000001799,0.05637499999988904,3.0819609999991826
P2-lifecycle,5,0,U,control,0,0,construction,0.6161250000000109,0.4555829999999901,23.67654200000044
P2-lifecycle,5,0,U,control,0,0,initial,6.424416000000065,5.778229500000009,292.36649500000016
P2-lifecycle,5,0,U,control,0,0,duplicate,4.046790999999985,3.3333125000000337,170.8530380000003
P2-lifecycle,5,0,U,control,0,0,cleanup,0.1635830000000169,0.12624950000002855,6.55033000000077
P2-lifecycle,5,0,U,control,0,0,actionSum,10.749832999999967,9.789582500000222,493.4464050000017
P2-lifecycle,5,0,U,control,0,0,wall,10.803250000000048,9.856166500000029,496.86337500000064
P2-lifecycle,5,0,U,control,0,0,residual,0.09595900000010715,0.06510499999996,3.416969999998969
P2-lifecycle,5,0,U,control,1,1,construction,0.618874999999889,0.441500499999961,23.635623000000123
P2-lifecycle,5,0,U,control,1,1,initial,7.580625000000055,5.586374999999975,290.3738319999993
P2-lifecycle,5,0,U,control,1,1,duplicate,4.0065830000000915,3.2910000000000537,171.7239999999997
P2-lifecycle,5,0,U,control,1,1,cleanup,0.16820899999993344,0.1207084999999779,6.401880000000574
P2-lifecycle,5,0,U,control,1,1,actionSum,12.165666000000328,9.553374999999733,492.1353349999997
P2-lifecycle,5,0,U,control,1,1,wall,12.238291000000117,9.646562999999901,496.0629620000009
P2-lifecycle,5,0,U,control,1,1,residual,0.09233399999993708,0.0766039999999748,3.9276270000011664
P2-lifecycle,5,0,V,control,0,1,construction,0.6314170000000559,0.44952050000000554,23.754954000000794
P2-lifecycle,5,0,V,control,0,1,initial,6.729542000000038,5.891083000000037,297.7394149999999
P2-lifecycle,5,0,V,control,0,1,duplicate,3.8783750000000055,3.348854500000016,170.66275100000001
P2-lifecycle,5,0,V,control,0,1,cleanup,0.15270799999996143,0.1247920000000704,6.3754169999998
P2-lifecycle,5,0,V,control,0,1,actionSum,10.777749000000085,9.937334000000021,498.5325370000005
P2-lifecycle,5,0,V,control,0,1,wall,10.867375000000038,9.99406300000004,501.7715010000001
P2-lifecycle,5,0,V,control,0,1,residual,0.07933300000001964,0.06362549999994371,3.238963999999612
P2-lifecycle,5,0,V,control,1,0,construction,0.6344579999999951,0.47068750000005366,24.316500000000133
P2-lifecycle,5,0,V,control,1,0,initial,7.119500000000016,5.634166499999878,290.55033399999934
P2-lifecycle,5,0,V,control,1,0,duplicate,4.062750000000051,3.270832999999925,167.49600199999963
P2-lifecycle,5,0,V,control,1,0,cleanup,0.16637500000001637,0.12706249999996544,6.634913999999753
P2-lifecycle,5,0,V,control,1,0,actionSum,11.32795800000008,9.681290999999874,488.99774999999886
P2-lifecycle,5,0,V,control,1,0,wall,11.393916999999874,9.747875000000022,492.19891400000006
P2-lifecycle,5,0,V,control,1,0,residual,0.07995800000003328,0.06235399999980018,3.2011640000011994
P2-lifecycle,5,1,V,control,0,1,construction,0.5279170000000022,0.4536875000000009,22.706000999999787
P2-lifecycle,5,1,V,control,0,1,initial,6.436666000000002,5.733666500000027,292.10870500000027
P2-lifecycle,5,1,V,control,0,1,duplicate,3.9819579999999632,3.3485415000000103,171.04050100000006
P2-lifecycle,5,1,V,control,0,1,cleanup,0.1629169999999931,0.12979150000001027,6.497790000000236
P2-lifecycle,5,1,V,control,0,1,actionSum,11.045832999999902,9.725812000000019,492.35299700000036
P2-lifecycle,5,1,V,control,0,1,wall,11.145708999999897,9.806040999999993,496.54558499999985
P2-lifecycle,5,1,V,control,0,1,residual,0.10266699999999673,0.08197899999998981,4.192587999999489
P2-lifecycle,5,1,V,control,1,0,construction,0.5315410000000611,0.45125049999990097,22.93233699999996
P2-lifecycle,5,1,V,control,1,0,initial,7.541291999999885,5.654686999999967,294.38991699999883
P2-lifecycle,5,1,V,control,1,0,duplicate,4.164708000000019,3.2768749999999045,173.62608099999966
P2-lifecycle,5,1,V,control,1,0,cleanup,0.18091700000013589,0.12762499999985266,6.724788000000672
P2-lifecycle,5,1,V,control,1,0,actionSum,12.022750999999971,9.637728999999922,497.6731229999991
P2-lifecycle,5,1,V,control,1,0,wall,12.088375000000042,9.696271000000024,501.14087500000096
P2-lifecycle,5,1,V,control,1,0,residual,0.09045799999989868,0.06599950000008903,3.4677520000018376
P2-lifecycle,5,1,U,control,0,0,construction,0.58624999999995,0.46445899999997664,23.63604199999986
P2-lifecycle,5,1,U,control,0,0,initial,6.846042000000011,5.831187499999999,295.5153340000003
P2-lifecycle,5,1,U,control,0,0,duplicate,4.321874999999977,3.3617084999999634,171.97933299999943
P2-lifecycle,5,1,U,control,0,0,cleanup,0.17179199999998218,0.12889550000002714,6.705626999999652
P2-lifecycle,5,1,U,control,0,0,actionSum,11.198376000000167,9.810977999999977,497.8363359999992
P2-lifecycle,5,1,U,control,0,0,wall,11.277584000000047,9.873520499999984,501.26283599999994
P2-lifecycle,5,1,U,control,0,0,residual,0.09312499999998636,0.06681300000013835,3.426500000000715
P2-lifecycle,5,1,U,control,1,1,construction,0.5234159999999974,0.4435630000000401,22.97395800000004
P2-lifecycle,5,1,U,control,1,1,initial,7.144041000000016,5.669208499999968,291.02312200000006
P2-lifecycle,5,1,U,control,1,1,duplicate,4.335207999999966,3.3159370000000763,173.0217919999991
P2-lifecycle,5,1,U,control,1,1,cleanup,0.17537500000003092,0.12789599999996426,7.1261249999997744
P2-lifecycle,5,1,U,control,1,1,actionSum,12.101041000000123,9.666374500000074,494.14499699999897
P2-lifecycle,5,1,U,control,1,1,wall,12.175292000000127,9.757041500000014,498.22008299999993
P2-lifecycle,5,1,U,control,1,1,residual,0.095707999999604,0.0803965000000062,4.075086000000965
inactive-1,0,0,V,control,0,1,release,0.005250000000003752,0.00274999999999892,0.15087799999998452
inactive-1,0,0,V,control,1,0,release,0.007708000000000936,0.002937499999998039,0.19020999999993649
inactive-1,0,0,U,control,0,0,release,0.0051660000000026685,0.002687500000000398,0.1724580000000131
inactive-1,0,0,U,control,1,1,release,0.006791999999997245,0.002957999999999572,0.47916500000000894
inactive-1,0,1,U,control,0,0,release,0.00841599999999687,0.0030000000000001137,0.19295699999999272
inactive-1,0,1,U,control,1,1,release,0.005084000000003641,0.0028959999999997876,0.16666900000004858
inactive-1,0,1,V,control,0,1,release,0.005333000000000254,0.0026670000000024174,0.1608760000000231
inactive-1,0,1,V,control,1,0,release,0.009000000000000341,0.0031459999999974286,0.19008700000001255
inactive-1,1,0,V,main,0,1,release,0.005167000000000144,0.0026669999999988647,0.16603899999999783
inactive-1,1,0,V,main,1,0,release,0.00433400000000006,0.0027919999999994616,0.15300300000001954
inactive-1,1,0,U,main,0,0,release,0.00462500000000432,0.002708000000001931,0.1531179999999992
inactive-1,1,0,U,main,1,1,release,0.0057910000000021,0.002916500000001321,0.16753800000003594
inactive-1,1,1,V,main,0,1,release,0.004417000000003668,0.0026045000000003427,0.1472480000000047
inactive-1,1,1,V,main,1,0,release,0.0072499999999990905,0.0028960000000033403,0.1794969999999978
inactive-1,1,1,U,main,0,0,release,0.005709000000003073,0.002833000000002528,0.1691669999999732
inactive-1,1,1,U,main,1,1,release,0.004958999999999492,0.0030420000000006553,0.16766800000000615
inactive-1,2,0,U,main,0,0,release,0.004375000000003126,0.00274999999999892,0.18896199999998942
inactive-1,2,0,U,main,1,1,release,0.009166999999997927,0.0029169999999965057,0.19687600000001027
inactive-1,2,0,V,main,0,1,release,0.005417000000001337,0.0026670000000024174,0.16679099999998925
inactive-1,2,0,V,main,1,0,release,0.005041999999995994,0.002812499999997442,0.3939969999999562
inactive-1,2,1,V,main,0,1,release,0.004541999999993607,0.0027085000000006687,0.15316799999999375
inactive-1,2,1,V,main,1,0,release,0.005333000000000254,0.0027500000000024727,0.16553900000001676
inactive-1,2,1,U,main,0,0,release,0.006582999999999117,0.002625000000001876,0.16778900000000618
inactive-1,2,1,U,main,1,1,release,0.004541000000003237,0.002853999999999246,0.16658399999997897
inactive-1,3,0,V,main,0,1,release,0.005209000000000685,0.00274999999999892,0.16745200000000438
inactive-1,3,0,V,main,1,0,release,0.005000000000002558,0.002958000000003125,0.4195439999999877
inactive-1,3,0,U,main,0,0,release,0.005457999999997298,0.002874999999999517,0.17312399999999428
inactive-1,3,0,U,main,1,1,release,0.005874999999996078,0.0027089999999958536,0.17095999999995826
inactive-1,3,1,U,main,0,0,release,0.007582999999996787,0.0029585000000018624,0.18141800000000785
inactive-1,3,1,U,main,1,1,release,0.02791700000000219,0.003999999999997783,0.6245839999999987
inactive-1,3,1,V,main,0,1,release,0.004915999999994369,0.0028119999999987044,0.16362000000000876
inactive-1,3,1,V,main,1,0,release,0.004666999999997756,0.002708499999997116,0.3499579999999938
inactive-1,4,0,U,main,0,0,release,0.004749999999994259,0.00274999999999892,0.15845900000001478
inactive-1,4,0,U,main,1,1,release,0.006292000000001963,0.0027079999999983784,0.4144579999999962
inactive-1,4,0,V,main,0,1,release,0.0044169999999965626,0.00274999999999892,0.15079499999999513
inactive-1,4,0,V,main,1,0,release,0.0045830000000037785,0.0027500000000060254,0.20995700000003126
inactive-1,4,1,U,main,0,0,release,0.00462500000000432,0.0025830000000013342,0.14846000000001425
inactive-1,4,1,U,main,1,1,release,0.005749999999999034,0.002916499999997768,0.17812399999998973
inactive-1,4,1,V,main,0,1,release,0.008209000000000799,0.002791500000000724,0.18041999999999803
inactive-1,4,1,V,main,1,0,release,0.004291000000002043,0.0026670000000024174,0.3861689999999882
inactive-1,5,0,U,control,0,0,release,0.004667000000004862,0.002770500000004006,0.15879199999997695
inactive-1,5,0,U,control,1,1,release,0.00999999999999801,0.003041499999998365,0.20999999999997954
inactive-1,5,0,V,control,0,1,release,0.007083000000001505,0.0027089999999994063,0.16929199999999156
inactive-1,5,0,V,control,1,0,release,0.0061249999999972715,0.002791500000000724,0.18029099999999687
inactive-1,5,1,V,control,0,1,release,0.0050420000000030996,0.002687500000000398,0.1599170000000072
inactive-1,5,1,V,control,1,0,release,0.007332999999995593,0.0028544999999979837,0.17308300000001964
inactive-1,5,1,U,control,0,0,release,0.004291999999999518,0.002666500000000127,0.1487910000000099
inactive-1,5,1,U,control,1,1,release,0.004708999999998298,0.0027919999999994616,0.39100399999999524
